Total_sqft,Actual Price,Predicted Price
1279,77.0,74.24535714285715
1650,135.0,205.32
1600,64.0,72.35
1268,127.0,103.54299999999999
1100,49.0,43.003428571428564
1560,120.0,81.59933333333333
1550,90.0,69.68333333333334
1388,57.0,75.47
1090,55.0,38.396166666666666
4800,550.0,465.82
600,99.0,80.57
1890,93.0,107.53200000000001
1329,46.0,52.72386904761904
1065,43.0,44.28
965,37.0,45.985
1300,78.0,75.5
1800,230.0,92.19833333333332
1255,77.0,55.37833333333333
959,43.0,44.72
1506,99.0,65.39341666666667
1065,45.0,46.71
2400,550.0,477.29
1097,49.0,48.3875
1000,30.0,47.22
1011,51.0,52.96666666666666
1178,73.0,71.77
1084,55.0,50.76
1616,40.0,74.51
950,47.0,45.48
4000,212.0,227.89333333333332
1027,44.0,46.269773115773106
509,23.0,23.45833333333333
905,58.0,46.22
3516,540.0,556.5958333333333
1650,140.0,89.08666666666666
1200,36.0,54.424222222222205
2880,560.0,401.8
1246,67.0,66.12510467144081
1197,63.0,56.46592857142858
2100,125.0,130.24
1130,46.0,46.77057142857142
1090,31.0,33.1
1314,60.0,74.44614285714286
3190,160.0,284.01666666666665
1825,100.0,124.05683333333333
1053,46.0,48.455
1375,48.0,65.74483333333333
1490,88.0,72.24
1085,47.0,53.815
950,40.0,44.791309523809524
1016,45.0,58.2275
6729,900.0,506.69
1325,57.0,67.19
1152,42.0,52.71258333333334
1160,44.0,48.3325
1326,62.0,74.692
2400,650.0,452.22
1690,55.0,103.26
1467,55.0,90.085
550,17.0,25.290669191919196
1532,115.0,80.191
905,55.0,44.58311111111111
1486,83.0,97.4
2000,90.0,129.52333333333334
1205,58.0,52.74861111111111
1875,180.0,126.13316666666668
1200,185.0,133.89
2000,95.0,127.97333333333334
1310,63.0,67.09
840,150.0,49.05
1724,140.0,97.67824603174603
1150,40.0,48.026083333333325
1740,95.0,103.64
1295,64.0,63.79333333333333
3131,349.0,277.61
1125,40.0,46.9265
1325,47.0,55.24583333333333
4000,460.0,334.7
668,37.0,36.81
1830,90.0,116.0825
1650,130.0,82.30416666666667
1700,108.0,97.58833333333332
500,24.0,21.7625
1200,65.0,66.76666666666667
1445,64.0,68.68
1636,85.0,87.36380158730157
3418,222.0,220.21
1684,86.0,109.79483333333333
1615,60.0,61.86166666666666
2425,197.0,153.42833333333334
1110,30.0,33.835
1032,45.0,47.5575
2440,415.0,559.94
1200,35.0,49.72
1760,90.0,96.17966666666665
2400,395.0,312.37
1057,65.0,48.74
1484,75.0,71.7
1110,51.0,43.71166666666667
1200,85.0,72.6
1050,65.0,48.82
2700,130.0,178.07666666666668
1133,38.0,41.30625
1276,70.0,74.21666666666667
1918,129.0,134.2609523809524
950,39.0,44.61416666666666
1408,85.0,75.70651515151515
1325,50.0,71.605
1573,90.0,94.78399999999999
1394,85.0,74.47
1625,80.0,110.265
945,40.0,45.05
750,37.0,35.28766666666667
1200,130.0,125.54
1550,69.0,74.35933333333334
1248,130.0,60.35849299719887
1145,47.0,51.57666666666667
920,42.0,38.97933333333334
1414,78.0,103.63
1949,129.0,126.18655555555557
1000,55.0,48.94
3420,410.0,263.0
1200,20.0,52.435
1230,52.0,46.37
1330,80.0,72.69
1831,110.0,104.47300000000001
2400,180.0,221.17
2475,326.0,326.5983240093241
4000,425.0,397.89
1600,130.0,207.3033333333333
1210,75.0,71.71333333333334
1420,62.0,87.35408730158731
1639,98.0,106.97650000000002
750,40.0,30.24666666666667
1530,77.0,85.52676190476191
1000,69.0,116.89
2615,222.0,182.6335238095238
1060,50.0,52.48083333333333
1108,60.0,54.82500000000001
1255,67.0,57.99152380952381
2400,245.0,185.62
1428,66.0,67.225
1430,88.0,81.81
550,16.0,25.121919191919197
1681,69.0,101.04833333333335
1224,39.0,49.71
900,62.0,111.18
1680,68.0,99.90425396825398
1515,65.0,91.975
1255,115.0,98.788
1500,80.0,179.31
900,170.0,125.34333333333333
1400,85.0,77.35
1144,39.0,42.26833333333333
1089,44.0,42.07916666666667
1075,57.0,50.58373188405797
1244,95.0,58.265
1680,112.0,121.41433333333335
1777,89.0,98.47
1090,48.0,36.88080952380952
1500,102.0,77.5975
4395,242.0,263.7
1847,105.0,113.48761904761905
1301,120.0,71.5
1190,64.0,67.93933333333332
1250,50.0,54.34
1200,56.0,59.73
1344,42.0,56.77
750,155.0,70.15
1600,170.0,76.93733333333334
1165,30.0,38.65
3400,400.0,262.72
1255,95.0,86.2628875797405
1190,30.0,30.38
1100,64.0,49.18416666666667
1175,48.0,48.19
1213,63.0,57.81233333333334
1225,56.0,49.85738095238096
1500,62.0,82.87785714285714
1112,58.0,56.07
1000,90.0,45.74
1076,52.0,50.1
1745,110.0,115.2617619047619
500,100.0,66.62
1730,175.0,133.95600000000002
891,25.0,29.35536694677871
2000,85.0,85.63
1058,48.0,67.47
1050,43.0,45.137
1445,47.0,70.96166666666667
1605,76.0,69.29
3626,785.0,666.6813333333333
1100,48.0,51.43
1108,67.0,54.49
1200,58.0,55.73638095238096
1800,82.0,107.9
675,45.0,40.77628571428572
1047,91.0,74.06807539682539
1150,170.0,73.38
1200,67.0,53.21
1200,62.0,68.08516666666667
1185,38.0,50.3565
2072,157.0,150.68806891376596
1450,51.0,78.09666666666666
1000,250.0,249.56
1075,46.0,64.13233333333332
1279,48.0,74.16783333333333
1400,98.0,67.92
7500,425.0,441.29
1000,51.0,46.62
905,65.0,46.22
1466,71.0,69.52
1145,48.0,52.07833333333334
754,70.0,49.37
3000,528.0,186.16
450,9.0,15.25
1157,42.0,55.56497222222222
823,51.0,43.44
1012,42.0,50.76892857142857
1183,77.0,64.54144444444444
1280,65.0,61.6
1000,35.0,36.263083333333334
1465,46.0,76.78983333333333
715,45.0,38.541666666666664
800,52.0,38.209666666666664
1599,99.0,108.98
1300,49.0,55.76719047619048
775,38.0,30.52
3270,205.0,257.35
1230,210.0,245.45
1800,195.0,128.069
3968,900.0,319.8
1175,83.0,48.5
1200,85.0,55.96
1200,150.0,180.48
1500,125.0,73.68583333333333
1155,40.0,41.49
1300,100.0,87.29899999999999
1600,90.0,62.52
915,37.0,40.001999999999995
1140,40.0,47.566
1856,180.0,119.45733333333334
1110,52.0,55.08666666666667
1525,65.0,70.86673809523809
1194,46.0,46.572087166445534
2550,360.0,360.95
940,48.0,42.18666666666666
1613,150.0,158.7048333333333
1200,90.0,57.795
1090,47.0,39.216166666666666
1062,50.0,44.92
1100,32.0,49.99083333333333
1210,75.0,53.39
1300,56.0,59.56
1610,74.0,89.47333333333331
2689,220.0,167.81
1700,550.0,144.04
1125,46.0,49.093523809523816
2400,475.0,547.95
500,33.0,29.40583333333333
440,35.0,56.23
985,45.0,48.76142857142857
1800,324.0,174.83
1142,65.0,46.504333333333335
2180,115.0,132.0366666666667
1175,49.0,53.73345238095239
1062,42.0,42.06
1160,52.0,51.236999999999995
1300,55.0,62.71
1500,150.0,188.71
1555,83.0,79.81133333333334
1410,160.0,162.34
1180,39.0,60.48116666666667
1280,75.0,70.79666666666667
1250,40.0,49.255
1105,50.0,42.64833333333334
800,32.0,32.75
1608,63.0,79.83666666666667
1128,40.0,41.37777777777777
1069,55.0,48.89329545454546
1444,76.0,75.765
2400,750.0,209.22
1100,68.0,49.18666666666667
1760,115.0,122.77033333333334
1678,125.0,96.51833333333335
650,59.0,26.2
1156,72.0,51.214
1450,75.0,71.357
1295,64.0,71.35119047619048
3467,249.0,338.82683333333335
1893,115.0,120.42771428571429
2600,135.0,198.4933333333333
1890,100.0,98.22200000000001
1120,55.0,49.86
1590,58.0,57.18
2134,118.0,128.16782034632035
2400,80.0,244.47
1600,140.0,154.81
1500,235.0,165.04
1093,68.0,55.938833333333335
950,35.0,42.17416666666666
418,12.0,13.784714285714283
1297,112.0,98.45392857142859
1147,54.0,50.63
500,18.0,19.62
1250,55.0,44.775
2400,400.0,357.17
1216,73.0,74.56545618935388
1225,70.0,69.31682142857142
1295,44.0,57.56869047619048
840,150.0,53.27466666666666
2150,205.0,137.43
1171,73.0,68.12314285714285
1100,40.0,49.99083333333333
1033,48.0,43.75
1224,105.0,85.6
1050,42.0,57.55740476190474
1246,67.0,66.12510467144081
883,49.0,42.733999999999995
1220,39.0,48.02
3760,280.0,210.93
700,36.0,37.79323819236319
1346,96.0,80.6225
1850,88.0,109.13033333333334
4200,180.0,206.56
1450,63.0,77.94666666666667
1800,252.0,134.875
1000,38.0,45.02
2665,125.0,145.71
1220,45.0,53.95800000000001
1020,55.0,46.767380952380954
1354,86.0,70.68633333333332
1577,65.0,75.05
1459,95.0,93.26383333333335
1483,98.0,85.22166666666668
2159,120.0,117.91
975,25.0,25.0
4500,415.0,326.19
810,25.0,31.52
961,38.0,48.295
996,37.0,44.92
893,35.0,32.33633333333333
1614,59.0,76.61
1450,70.0,68.3675
2700,295.0,184.31333333333333
1405,78.0,65.49666666666666
1153,60.0,57.01036471861469
1055,75.0,49.30333333333333
1645,120.0,120.52809090909093
1571,63.0,67.40333333333334
1333,50.0,62.7
1150,77.0,54.04269047619047
1208,45.0,39.47714285714286
1060,45.0,50.594166666666666
1325,59.0,70.13
2500,280.0,262.86366666666663
850,90.0,113.53
1300,57.0,66.49185714285714
585,21.0,31.00969696969697
1450,65.0,62.057976773226784
1000,30.0,60.79
2300,210.0,337.13
1691,120.0,114.03952453102451
1586,90.0,84.97142857142859
1115,50.0,50.00166666666666
1290,41.0,72.48166666666665
1170,65.0,74.24066666666667
1148,56.0,49.041000000000004
1149,75.0,62.91666666666667
1300,69.0,67.098
1555,52.0,74.33216666666667
1525,96.0,75.82150000000003
1600,140.0,170.59916666666663
1200,75.0,49.72
1645,113.0,120.52809090909093
907,38.0,45.07899999999999
980,35.0,40.325
1410,67.0,70.9
1350,49.0,73.53683333333333
1056,70.0,65.58807142857142
1080,38.0,40.41
1215,49.0,49.159166666666664
2375,189.0,189.2615
1008,52.0,43.24583333333334
3596,290.0,278.74433333333326
750,125.0,96.61
1400,80.0,118.86833333333333
1588,90.0,76.3
1400,77.0,69.81
1776,75.0,96.45
1268,75.0,57.144
1240,44.0,49.86
2040,123.0,105.73966666666666
1240,84.0,79.57600000000001
1704,120.0,105.52216666666665
1050,52.0,52.778622873084934
1750,170.0,92.84
1500,60.0,86.35
2250,195.0,152.25633333333334
2400,775.0,585.05
1490,85.0,78.33333333333334
1302,66.0,68.76
1415,78.0,66.29
960,138.0,105.64
1310,60.0,53.75
4800,600.0,446.0
994,45.0,48.235
1460,70.0,101.28
1200,57.0,67.2932142857143
1700,155.0,118.21166666666667
1560,115.0,74.41
1100,120.0,123.30083333333332
2144,145.0,142.78166666666667
950,58.0,50.50380952380952
1200,110.0,41.54
1527,142.0,96.71
1200,79.0,68.08516666666667
3000,140.0,189.995
943,48.0,48.12
2365,175.0,170.28
1017,51.0,43.1475
1180,52.0,56.34
1196,57.0,52.36011274509803
4000,170.0,327.8633333333333
1650,82.0,90.15
1094,54.0,50.45
1450,85.0,76.04366666666667
4050,450.0,287.43333333333334
2560,75.0,170.36666666666665
3300,135.0,256.62
782,20.0,35.11666666666667
1100,50.0,54.62
1650,200.0,170.7
1151,39.0,41.11083333333334
1721,93.0,101.3877142857143
1270,51.0,54.78
1400,80.0,59.31333333333333
2400,408.0,325.7
1120,51.0,49.067
1200,103.0,67.89
1143,65.0,52.31133333333333
1508,77.0,77.51
950,50.0,39.91
1314,69.0,74.10214285714287
1485,63.0,63.522
1710,100.0,118.0675
1305,60.0,54.47083333333333
1280,58.0,49.30633333333334
1065,35.0,37.1
1756,67.0,119.44366666666667
2916,230.0,274.02
655,53.0,33.18333333333334
1577,70.0,84.86316666666666
1141,62.0,49.31083333333334
1500,70.0,76.74194047619046
1335,89.0,63.57
6000,625.0,555.55
1200,35.0,49.72
1560,200.0,180.18
1705,85.0,94.22200000000001
2080,175.0,129.35
1355,95.0,77.55623015873016
1140,49.0,48.94999999999999
1260,100.0,100.72
1360,54.0,58.01133333333333
1948,129.0,111.41
1322,86.0,74.0925
935,33.0,38.93030952380953
2400,360.0,259.08
800,85.0,32.75
661,36.0,34.371
2400,450.0,284.46
1152,65.0,61.74916666666666
1070,50.0,46.80240800865801
1700,108.0,121.26380952380953
1200,185.0,165.77
1161,55.0,53.47752380952382
1200,95.0,125.54
656,39.0,43.23261904761905
1308,89.0,85.554
1170,86.0,72.84
1066,52.0,46.8
1560,68.0,79.37
5530,627.0,482.41
1130,60.0,56.21
1362,66.0,66.26083333333332
950,57.0,45.93714285714286
1720,128.0,112.914
1125,37.0,46.9825
1250,85.0,73.73166666666667
1270,51.0,54.78
2425,195.0,196.58849999999998
1265,57.0,68.74678571428572
3800,175.0,183.05900000000003
1160,44.0,48.686499999999995
610,19.0,27.966666666666665
1215,42.0,52.26464285714286
4689,488.0,426.82
1208,45.0,55.545
1567,100.0,94.17714285714284
1700,180.0,154.17033333333333
1464,56.0,56.30666666666666
1623,105.0,73.17
1230,50.0,64.33393181818181
1100,28.0,48.37233333333334
1230,65.0,75.49751515151516
1900,400.0,120.2
2360,150.0,303.24
1586,94.0,83.21833333333333
1185,44.0,43.01414105339105
980,36.0,40.66666666666667
16145,95.0,168.88
1197,79.0,77.91938888888889
1200,195.0,178.36
2125,107.0,135.21333333333334
896,100.0,52.05
2610,399.0,268.45416666666665
1590,126.0,120.12
1128,65.0,65.60357543071822
2300,160.0,100.4
750,20.0,34.971000000000004
2119,111.0,110.49
1190,60.0,47.417336493571796
2100,180.0,103.00166666666668
1550,258.0,76.51966666666667
1425,65.0,67.32666666666665
1230,57.0,50.63
1056,55.0,50.745
1567,140.0,96.77733333333332
1600,104.0,91.59
1805,92.0,117.01416666666668
1000,34.0,36.62
1070,54.0,52.63688899361731
1075,42.0,44.27931356436442
600,125.0,76.79
1366,77.0,68.29869047619047
1165,34.0,45.07683333333333
1410,54.0,56.245
1653,93.0,93.486
1260,41.0,65.34
1300,70.0,64.61
1600,75.0,77.65
1200,125.0,141.27
2400,130.0,100.93
1670,120.0,94.41261904761905
1020,41.0,39.48779761904762
1485,67.0,63.711999999999996
1090,52.0,44.2865
1350,56.0,57.76633333333332
1200,85.0,156.04
1230,48.0,49.85
1694,150.0,122.17
977,36.0,40.090833333333336
1075,52.0,50.54666666666667
1752,133.0,121.58200000000001
1168,70.0,79.0075
1225,47.0,50.78
2400,350.0,296.51
1050,45.0,40.77
3000,330.0,287.20166666666665
1570,65.0,86.16166666666668
1240,60.0,43.09716666666667
1602,170.0,126.35
1035,39.0,40.381
1199,65.0,51.27
850,40.0,107.15
1697,108.0,113.251
400,11.0,12.49785714285714
1012,59.0,58.13083333333334
1675,241.0,125.13
2225,149.0,170.89225
1095,34.0,37.59
1630,68.0,86.99666666666666
975,63.0,62.21983333333335
2475,293.0,276.98875
1100,55.0,55.27
1200,76.0,74.29
1035,38.0,44.802857142857135
1045,60.0,47.44
850,50.0,49.37771428571429
276,23.0,55.4
2400,85.0,234.45
1626,120.0,72.32
1375,72.0,77.18
1713,120.0,105.95166666666668
740,20.0,40.96666666666666
1620,95.0,78.38666666666666
1320,95.0,84.44333333333333
3100,310.0,239.76357142857142
2000,95.0,109.65
995,46.0,46.25
1500,90.0,72.17979761904762
1196,45.0,56.27266666666667
2400,300.0,325.8675
3600,160.0,160.76
1115,50.0,51.181761904761906
1150,49.0,47.5
4000,220.0,245.0
1095,45.0,39.19
6600,986.0,520.75
1025,40.0,44.58666666666666
950,50.0,44.94416666666666
1254,65.0,65.55632034632035
1116,47.0,51.13833333333333
2600,200.0,231.33
1710,91.0,106.2525
3472,173.0,208.88516666666666
1200,105.0,144.35
1089,60.0,66.70583333333335
1485,65.0,79.44999999999999
1500,70.0,75.47942568542567
600,83.0,93.555
1225,40.0,45.1215
1063,58.0,59.88
3600,225.0,258.58
1365,49.0,59.13238095238094
1170,34.0,48.57
3200,150.0,165.10416666666663
2990,173.0,210.65
700,35.0,37.79323819236319
1295,95.0,84.60166666666666
1310,70.0,77.44
650,80.0,81.72
1040,75.0,41.26699999999999
1270,65.0,65.2
970,55.0,57.89785714285715
1571,83.0,95.30166666666668
1519,93.0,94.65
1145,58.0,52.09833333333333
1610,115.0,91.48209523809524
1500,300.0,59.3975
1255,54.0,54.915968253968266
1935,130.0,124.74799999999999
2350,325.0,287.4866666666666
1350,54.0,60.64
1020,30.0,39.17455050505052
1800,175.0,120.18666666666668
1221,68.0,34.86766666666667
3035,271.0,251.87
600,100.0,70.69
1500,220.0,225.35607142857143
2470,247.0,201.02303571428573
980,45.0,52.89
1000,98.0,141.71
1160,41.0,43.18875
1100,93.0,79.41333333333334
2162,129.0,144.79833333333332
1530,52.0,58.660607142857145
2254,170.0,155.5611111111111
923,61.0,53.52083333333333
1516,147.0,93.24
615,24.0,33.78
1790,100.0,90.8025
1450,75.0,71.807
1650,100.0,86.695
1200,300.0,156.495
525,26.0,24.6730943876385
400,14.0,38.71
1200,76.0,59.14
1750,130.0,177.59333333333333
760,39.0,31.533333333333335
3800,200.0,158.56
1200,80.0,73.24
1254,38.0,56.67904761904762
2400,150.0,174.03
1115,50.0,48.85302777777779
1452,61.0,58.26731623931625
750,19.0,22.47866666666667
957,47.0,46.95
1210,58.0,61.66791666666667
1270,50.0,78.90002380952382
1256,60.0,60.986000000000004
1165,75.0,72.3685
1298,65.0,61.815
1330,77.0,75.46
1535,86.0,84.91436111111108
1275,105.0,73.99985714285714
1400,40.0,40.51
1050,77.0,57.55740476190474
1415,60.0,77.46384615384615
1800,105.0,108.93714285714286
1310,52.0,59.53375
1150,57.0,56.21525
722,27.0,41.05
1128,65.0,65.60357543071822
1542,120.0,102.21333333333334
3295,260.0,351.20333333333326
1057,30.0,51.92833333333333
1448,68.0,77.19666666666667
1056,60.0,57.62
937,44.0,44.06666666666666
1150,44.0,58.11833333333333
4190,325.0,298.3933333333333
1020,48.0,47.355666666666664
1140,46.0,46.0
1500,62.0,126.04726190476187
1105,51.0,50.974523809523795
1500,69.0,80.06142857142856
1670,135.0,162.05333333333334
1232,70.0,78.81893869786904
1200,35.0,66.06
1830,89.0,94.634
1260,55.0,56.2
1500,65.0,75.47942568542567
1225,48.0,47.32666666666667
1376,124.0,154.1775
1240,65.0,58.4
2849,250.0,182.56827741702742
610,28.0,34.12833333333334
1200,95.0,75.97
795,33.0,33.23333333333333
1185,44.0,43.01414105339105
535,20.0,25.568079365079367
1140,46.0,47.89
1165,40.0,50.59708333333333
2500,245.0,269.04
1795,65.0,112.38566666666668
1350,102.0,76.91804761904763
1385,65.0,74.85
946,45.0,46.02166666666666
420,24.0,449.374
1195,52.0,56.11683333333333
1250,39.0,41.533833333333334
1704,94.0,113.64516666666667
1200,65.0,54.11
4200,800.0,290.45
915,32.0,37.41433333333333
1185,59.0,58.301833333333335
1060,55.0,61.09666666666667
1157,40.0,59.12472222222222
1330,87.0,91.2
3905,290.0,228.45533333333333
1225,53.0,48.85883333333333
1580,84.0,76.55916666666666
640,21.0,33.27166666666667
1200,35.0,57.16
1267,54.0,60.091833333333334
1200,76.0,82.86
1034,185.0,132.12
2225,115.0,178.8798611111111
2679,280.0,251.86
1115,50.0,50.86666666666667
1825,105.0,112.105
1950,90.0,81.255
4000,380.0,329.84
1346,62.0,71.77236688311686
1631,80.0,94.77333333333334
1621,130.0,103.87
1285,82.0,64.14399999999999
1140,51.0,50.97
1843,90.0,87.22734190809192
1537,120.0,82.3665
6136,560.0,507.88
1279,100.0,74.19783333333334
1650,160.0,147.525
1408,58.0,73.29818181818182
660,16.0,19.021011904761902
1216,75.0,74.56545618935388
1893,140.0,122.35021428571429
1932,183.0,127.66833333333334
646,26.0,31.76738095238095
1100,49.0,49.99083333333333
1100,48.0,46.10190476190476
1044,32.0,37.79
3200,200.0,342.3908333333334
1691,119.0,111.27338167388164
1390,50.0,60.71466666666667
1325,61.0,60.317333333333345
2800,140.0,194.85
1200,105.0,146.51
3900,175.0,293.2975
1843,96.0,90.21190104503341
1890,84.0,113.12466666666667
1462,71.0,72.388
1200,270.0,220.04
1464,56.0,56.30666666666666
1339,85.0,61.88653643578643
1756,100.0,93.765
1240,63.0,64.27666666666666
1410,52.0,49.21075527250527
1194,69.0,64.57
1050,53.0,52.778622873084934
945,45.0,43.50983333333333
1546,99.0,80.10199999999999
2700,260.0,176.4
1325,53.0,64.84
795,33.0,32.79233333333333
1230,54.0,46.01
1411,100.0,106.06
1200,62.0,38.855
1490,62.0,77.32333333333332
1200,70.0,69.57409523809524
1160,75.0,47.125166666666665
1539,85.0,85.9175
3000,550.0,265.18666666666667
750,58.0,35.93333333333334
1349,98.0,97.30650000000003
1350,45.0,77.74
750,30.0,49.7
1053,38.0,38.70333333333333
1120,50.0,46.344750000000005
2250,180.0,132.96
616,45.0,69.75
440,20.0,27.893333333333334
1162,99.0,81.685
1641,66.0,86.78166666666667
1260,47.0,48.62566666666667
2880,501.0,401.8
1777,105.0,98.47
1650,99.0,102.205
1200,70.0,74.37
1063,32.0,33.263404761904766
1190,49.0,53.742888888888885
1098,72.0,56.04923809523809
1645,100.0,88.54166666666669
1850,140.0,118.27
710,27.0,38.74833333333334
1250,68.0,61.0
1255,43.0,55.78003571428572
2400,130.0,120.235
1645,88.0,91.83666666666667
3126,345.0,298.81416666666667
1464,56.0,57.89466666666667
1875,150.0,91.12933333333332
1260,65.0,141.635
1320,50.0,66.57833333333333
1280,87.0,92.965
1220,60.0,52.04666666666666
1030,42.0,41.81633333333333
1100,57.0,54.23294320059026
1225,62.0,55.81999999999999
3729,384.0,400.2133333333333
1120,36.0,41.77
585,70.0,53.07
2010,125.0,116.89333333333332
1089,45.0,43.118388888888894
1363,79.0,76.71699206349207
1100,50.0,64.758
1500,150.0,84.11342857142857
1000,130.0,140.845
1260,95.0,77.19121428571428
2480,245.0,268.1339285714286
2121,253.0,137.33753417415915
1174,59.0,57.929857142857145
1244,55.0,61.87405103668262
1075,52.0,53.93666666666667
630,70.0,51.2
1200,330.0,188.1
525,27.0,27.296166475681193
740,25.0,76.91
921,29.0,32.47
1530,74.0,74.3145796980797
1212,50.0,57.251000000000005
1200,50.0,48.65
550,20.0,24.519388888888887
2051,170.0,162.43666666666667
1050,55.0,48.66
2570,141.0,133.08666666666667
1205,79.0,72.2141046176046
1500,62.0,126.04726190476187
1700,140.0,102.64748809523809
1313,67.0,71.984
1200,42.0,68.78
2400,400.0,344.39
1700,110.0,121.26380952380953
500,16.0,19.584166666666665
1600,45.0,191.43
1173,78.0,71.97014574314576
1360,45.0,121.97333333333331
833,49.0,47.59683333333334
1200,65.0,58.254
1240,41.0,46.64
1550,64.0,65.4838888888889
1150,52.0,55.01691666666667
1584,101.0,80.73119047619049
2515,155.0,163.85
1685,185.0,102.12049999999999
1305,110.0,69.44016666666667
1347,55.0,54.91
1045,42.0,44.15
1318,85.0,80.19333333333333
1680,85.0,103.95843315018314
1470,170.0,143.26
2200,275.0,239.14
1600,100.0,77.72666666666667
750,20.0,35.10666666666666
1200,180.0,153.85
1715,112.0,104.50866666666667
1850,168.0,145.66866666666667
975,50.0,45.3775
1000,43.0,46.86
1665,53.0,86.38157142857142
1600,75.0,78.4
1500,240.0,214.67
1045,160.0,133.18
4500,330.0,510.82
2640,170.0,138.64
1530,46.0,71.0776071151071
2400,400.0,257.52
1750,58.0,106.165
1525,67.0,72.97633333333333
1998,117.0,122.756
1460,70.0,66.43
4000,170.0,292.68
1150,70.0,44.63816666666666
1820,150.0,114.66972555222556
1639,107.0,99.37458333333332
1198,58.0,54.76666666666667
1700,130.0,128.73166666666668
2400,125.0,167.1
1025,29.0,43.89916666666666
1523,53.0,61.09966666666667
1230,66.0,60.33
1243,45.0,46.0
3000,300.0,159.92
1810,65.0,107.23
2500,170.0,218.895
1346,74.0,71.77236688311686
1360,48.0,48.42333333333334
1477,58.0,89.04983333333334
4300,550.0,457.1
1134,55.0,51.67
1200,65.0,57.14
2400,470.0,428.32
1200,52.0,54.23533333333333
1187,42.0,53.3
1350,175.0,97.56
1269,51.0,49.78333333333334
1500,51.0,66.46358333333333
925,48.0,43.999047619047616
1265,68.0,60.552833333333325
3117,261.0,314.4
1710,60.0,96.28166666666668
1310,38.0,38.96
1000,60.0,48.74684523809525
2750,413.0,205.05166666666668
1510,55.0,63.704499999999996
1929,103.0,122.52
1035,170.0,115.04
3200,350.0,342.3908333333334
1153,60.0,57.01036471861469
1200,73.0,67.02857142857142
1080,32.0,42.79
1385,35.0,47.5635
1510,80.0,70.24
1000,42.0,42.14
4025,800.0,379.18
1085,30.0,39.19
1080,44.0,51.34
600,72.0,72.57
1365,65.0,61.012380952380944
2400,550.0,305.65
1610,85.0,89.47333333333331
1630,51.0,65.11333333333334
2400,130.0,202.6
1460,80.0,88.28
3600,165.0,183.48
1057,35.0,55.1245
1221,72.0,65.14857936507934
1367,86.0,71.625
734,20.0,33.82333333333334
1021,76.0,46.48654761904761
2750,550.0,251.07
1088,61.0,55.71
918,48.0,51.98032905982907
2400,150.0,172.27
2700,110.0,133.23333333333332
1100,53.0,48.27642857142857
1650,130.0,87.43
1436,75.0,78.90666666666667
1616,95.0,112.16
1310,68.0,54.803999999999995
1070,48.0,47.12574134199134
4500,400.0,296.27
2150,240.0,172.53257142857143
1005,56.0,44.739595238095234
1110,43.0,44.331
4201,386.0,284.27
1372,48.0,65.38566666666665
1720,100.0,114.3
460,15.0,24.506904761904767
1500,239.0,154.48
1350,60.0,70.2332619047619
1290,87.0,83.93238095238095
1101,66.0,61.04666666666667
905,32.0,42.75732323232323
1140,33.0,36.94
2266,207.0,161.2
2215,275.0,266.23
1007,43.0,43.28916666666667
1080,50.0,44.25
1030,50.0,48.16095238095239
1634,78.0,93.09650000000002
1050,43.0,50.72333333333333
1372,68.0,69.568
1146,38.0,46.2725
1884,117.0,116.69033333333333
3596,251.0,278.74433333333326
800,98.0,92.4
1275,55.0,47.95666666666667
1180,80.0,56.47
1469,89.0,84.67
1255,90.0,100.5
1392,69.0,66.82
650,33.0,31.88
1050,45.0,45.31333333333334
1607,112.0,120.29
1533,85.0,73.75866666666667
840,50.0,52.99
1035,90.0,44.14285714285714
1437,59.0,67.46544444444444
1384,59.0,70.25133333333333
1745,140.0,115.2617619047619
1240,59.0,61.51
1240,300.0,152.0125
1590,105.0,89.32
1400,218.0,175.49
1693,57.0,70.29
1485,132.0,93.805
1148,69.0,57.5115
1127,45.0,42.41304761904762
1300,75.0,57.23
2400,200.0,264.3875
850,35.0,35.355
950,32.0,36.27
1615,150.0,93.04833333333332
2023,275.0,213.39933333333335
1835,88.0,95.02449999999999
1800,60.0,96.93
2507,155.0,166.36
810,21.0,48.358000000000004
1800,65.0,88.57
2400,550.0,499.64
1700,95.0,107.1975
1075,48.0,44.27931356436442
1255,58.0,55.17619093569826
581,29.0,132.79
1230,79.0,72.43818181818182
1878,84.0,112.14833333333333
1778,122.0,112.40299999999999
1000,50.0,45.41
2800,95.0,149.325
1012,59.0,54.6675
661,33.0,42.87461904761904
5720,350.0,405.55
1375,75.0,61.64
1100,55.0,55.27
1250,55.0,53.10444444444445
1140,46.0,53.996
1020,27.0,34.336190476190474
1036,110.0,72.03
3600,303.0,278.805
1128,68.0,65.60357543071822
2100,275.0,152.31
1846,145.0,125.04964285714286
1845,91.0,96.55210714285715
1200,58.0,74.28
1125,44.0,52.404500000000006
600,90.0,74.86
750,53.0,39.1245
1007,62.0,65.70211796536796
1319,42.0,46.07
1000,50.0,44.2
1007,65.0,65.70211796536796
1070,46.0,40.0
1415,65.0,104.42333333333332
2912,210.0,225.6382619047619
2100,135.0,131.43732142857144
1190,57.0,42.06722222222222
1541,80.0,79.32333333333332
1767,98.0,111.70666666666668
1554,55.0,76.718
1140,33.0,33.538476190476196
750,150.0,109.38
2214,350.0,246.5
1475,90.0,98.55
4600,200.0,180.49
2400,98.0,132.73
1307,52.0,61.214309523809526
1200,47.0,48.615
2400,140.0,317.06
1059,68.0,52.73
1450,72.0,67.25070573870573
1342,92.0,62.46
1192,74.0,83.73204040404038
1505,78.0,68.41716666666667
1004,49.0,71.98
1190,50.0,47.807336493571796
4800,190.0,375.97
1200,54.0,54.15
1200,235.0,172.52333333333337
1718,119.0,107.40258333333333
750,25.0,28.76
1850,120.0,119.066
1010,48.0,71.11925793650795
600,95.0,78.41
2002,112.0,106.44
1015,40.0,37.93208333333334
1200,68.0,59.73
1259,69.0,73.11333333333334
1133,34.0,45.87083333333333
1200,220.0,158.39
1192,60.0,60.74583333333334
1085,43.0,44.8675
1208,70.0,60.125714285714274
2017,125.0,105.87
1100,52.0,45.061166666666665
905,35.0,42.657323232323236
2172,76.0,146.955
1752,135.0,121.58200000000001
1425,54.0,95.82
965,56.0,49.565
960,45.0,50.31952380952381
4000,578.0,510.6
1510,75.0,78.29400000000001
2900,135.0,184.94509523809523
3400,210.0,262.46
1635,85.0,82.80055555555555
1262,65.0,81.1
1683,109.0,130.66442857142857
610,75.0,74.38
1540,40.0,69.25028571428572
1270,55.0,52.14333333333334
1645,100.0,91.50333333333332
1200,99.0,125.09
1690,125.0,98.26333333333332
1240,40.0,45.99
1010,41.0,49.1072619047619
1761,85.0,124.28333333333332
1937,140.0,147.9438888888889
645,16.0,16.0
1760,145.0,155.75516666666664
1530,60.0,74.17051981351982
1754,135.0,126.87678571428573
1364,46.0,68.96716666666667
1012,55.0,61.738039682539686
1238,67.0,66.25355647083394
1135,43.0,55.72
1800,145.0,96.12333333333332
1608,85.0,65.83333333333333
650,25.0,34.27916666666666
1025,30.0,35.99580952380952
1350,47.0,48.5025
1022,52.0,45.8875
1675,65.0,87.61095238095238
650,17.0,24.76
1315,74.0,65.34214285714286
1250,33.0,64.154
1125,48.0,47.442126984126986
1200,255.0,168.945
1190,50.0,58.574
2500,135.0,145.99
1277,77.0,69.48666666666666
635,22.0,24.200666666666667
1000,45.0,44.2
4450,449.0,363.71
1128,65.0,65.60357543071822
1159,38.0,45.39361111111111
1200,70.0,100.5225
32668,140.0,298.96
1000,40.0,42.21
6652,660.0,507.97
3004,285.0,268.9808333333333
1296,89.0,82.77333333333334
1738,79.0,79.9
3295,310.0,259.92
1041,36.0,46.71083333333334
666,37.0,36.48
1660,125.0,128.184
2774,197.0,203.99883333333335
1350,280.0,95.76333333333334
900,160.0,80.163
1000,50.0,46.62
1100,48.0,49.99083333333333
3600,220.0,291.28516666666667
1220,35.0,34.269333333333336
2200,110.0,80.02
1367,80.0,71.13771428571428
1255,84.0,67.85952960111784
1128,65.0,65.60357543071822
3500,700.0,395.2616666666667
1600,75.0,109.13666666666668
1065,50.0,43.77666666666667
1096,41.0,40.71
1355,73.0,77.07
2500,268.0,146.09
1500,60.0,72.67142857142856
1090,55.0,41.69649999999999
1683,110.0,130.66442857142857
1162,60.0,57.4710901875902
1850,150.0,145.71952380952382
905,60.0,54.306000000000004
7706,296.0,278.63
905,55.0,51.916000000000004
1750,150.0,131.14166666666668
1200,100.0,125.09
1549,80.0,66.07066666666665
1320,165.0,156.3225
1600,83.0,103.31333333333332
1275,41.0,49.608000000000004
1150,35.0,37.4275
2273,220.0,243.0
1765,118.0,120.39226190476192
1500,57.0,73.36833333333333
550,21.0,26.005555555555556
1945,135.0,113.29555555555557
2400,12.0,160.1
1056,65.0,57.32333333333333
1200,180.0,141.95
1150,48.0,50.56
1980,166.0,160.76030952380952
1250,60.0,94.42
1410,45.0,56.245
1007,66.0,65.70211796536796
1934,90.0,69.52
1265,67.0,64.42249999999999
620,48.0,30.79
1684,120.0,130.40609523809522
1350,185.0,173.17
2400,75.0,162.34583333333333
1178,47.0,50.15
1545,66.0,67.44
5500,600.0,495.01
1220,44.0,53.95800000000001
1251,47.0,49.46865981240981
1310,50.0,77.73404761904762
1205,40.0,40.77453968253968
3150,135.0,285.19666666666666
1157,47.0,49.89875
4640,600.0,474.78
1455,98.0,59.74833333333334
1190,46.0,47.417336493571796
1080,149.0,94.72
1564,104.0,102.24447619047615
1350,80.0,73.40433333333334
3122,237.0,241.06440295815293
1210,83.0,75.77331746031744
1053,44.0,51.54
1050,50.0,47.6
1540,90.0,79.15333333333334
1200,99.0,85.085
1575,110.0,105.33
1650,84.0,88.21916666666667
935,36.0,42.20216666666667
1800,180.0,169.44
840,45.0,30.44333333333333
1010,38.0,27.99
1000,30.0,36.58
1106,40.0,42.490619047619056
1130,75.0,60.33333333333334
2830,160.0,194.04504761904766
1240,110.0,142.58
3750,290.0,358.43
2900,297.0,276.81
850,30.0,27.76
6688,700.0,513.01
1140,45.0,43.96310317460318
1068,40.0,50.78875
1449,100.0,84.63
1026,43.0,27.08
808,40.0,36.42633333333334
2370,195.0,172.929
1490,60.0,60.57
1200,160.0,173.55
1130,85.0,66.9
1615,97.0,95.64
1217,164.0,73.16790651707252
985,40.0,46.67434523809525
2500,125.0,122.11
1200,55.0,49.69
1662,85.0,85.32349999999998
1532,92.0,77.43403968253969
1250,58.0,59.895
905,52.0,51.916000000000004
1093,34.0,37.3075
1645,95.0,91.485
1280,55.0,52.278
1410,55.0,49.21075527250527
1500,70.0,111.84
1600,70.0,78.63
1103,55.0,86.99
2250,148.0,182.19
2500,225.0,166.68633333333332
1430,55.0,53.43851118326119
1090,60.0,43.193999999999996
1100,45.0,49.18666666666667
1500,143.0,105.43611904761903
1360,101.0,96.69445238095238
2160,250.0,144.26
600,75.0,76.995
1145,44.0,52.01083333333333
2070,225.0,130.12761904761908
1120,38.0,40.42
1864,120.0,120.28
1722,95.0,116.67833333333334
400,25.0,19.63411904761905
700,19.0,21.59
1146,50.0,52.20666666666667
1600,69.0,67.057
1074,43.0,45.665
1400,68.0,61.44333333333333
1200,56.0,62.317326479076485
1260,75.0,68.63
1450,56.0,60.17207212232213
1080,38.0,50.04
1113,62.0,48.93516666666667
1197,78.0,77.91938888888889
1600,69.0,67.057
1002,40.0,38.6375
1050,37.0,50.317
907,38.0,41.098
1200,245.0,233.12517857142856
1102,54.0,53.95
1125,55.0,57.31921428571428
1033,32.0,30.34
1357,65.0,58.884666666666675
1360,85.0,68.55444444444446
1275,73.0,73.61985714285714
3300,450.0,371.83
2700,200.0,205.96
3385,260.0,220.99
704,92.0,126.15
1170,35.0,43.37
1350,195.0,123.82
1835,92.0,87.87116666666667
1636,97.0,83.79965476190475
1200,52.0,47.57
1380,62.0,111.83935897435896
1767,89.0,111.57333333333334
1480,65.0,69.76
907,40.0,39.36
900,51.0,72.69
1560,62.0,67.635
1030,35.0,37.022333333333336
1243,46.0,46.0
1145,54.0,49.61666666666667
1401,69.0,64.87540476190476
950,38.0,44.94416666666666
1314,55.0,70.09166666666667
1082,56.0,50.65584559884561
12000,525.0,270.99
1580,160.0,107.09
1550,65.0,78.88950000000001
2480,750.0,606.81
1000,39.0,58.29666666666666
1200,240.0,240.8175
1350,140.0,159.78
1380,80.0,77.388
935,45.0,45.99
2260,90.0,153.15
1480,145.0,72.4375
1100,41.0,43.92307142857142
1378,42.0,64.38083333333333
1170,52.0,51.381
967,45.0,46.85333333333334
1533,85.0,195.45
1800,80.0,177.53
1611,64.0,65.44
2400,135.0,150.83983333333333
1160,70.0,53.39733333333333
1460,73.0,69.93
800,80.0,96.44
3930,329.0,228.45533333333333
1726,145.0,93.428
1602,104.0,74.79285714285714
1917,122.0,116.38333333333334
830,60.0,34.793
1788,164.0,105.97497619047618
654,38.0,35.64754761904762
1032,32.0,63.04083333333333
1200,240.0,87.385
4772,510.0,561.32
1096,40.0,46.5
1000,35.0,42.06
993,42.0,41.47
1150,75.0,53.8475
1026,41.0,45.31166666666666
525,30.0,27.296166475681193
4000,150.0,156.33
1756,110.0,105.5095
1350,85.0,171.08333333333337
1158,85.0,81.50916666666666
1450,68.0,66.65481684981684
900,41.0,43.25233014208015
1230,54.0,61.67300000000001
1200,175.0,125.525
3042,131.0,176.30333333333337
1150,46.0,46.14
1175,83.0,67.98
980,51.0,50.40999999999999
1150,54.0,51.7
2500,300.0,160.43
1223,43.0,49.143
2500,185.0,132.23
3205,500.0,299.98
1200,90.0,110.04
2400,300.0,262.03
1560,90.0,72.82333333333332
1650,118.0,85.42004761904762
1464,56.0,55.96666666666666
1290,95.0,67.60474358974358
1342,115.0,71.04440476190476
2721,113.0,218.85
1070,57.0,56.04637331609739
1350,200.0,149.73
400,50.0,46.92
1200,150.0,169.395
1200,198.0,85.26
3000,170.0,187.63
1800,68.0,134.045
4800,235.0,359.72
1560,145.0,100.02
1312,57.0,61.66375
1065,31.0,37.34
1435,115.0,65.015
1445,56.0,71.169
1424,55.0,72.76
1025,43.0,42.191785714285714
1800,140.0,89.43
1200,190.0,71.89
1160,67.0,48.98788095238095
1200,46.0,49.96
1255,40.0,52.427833333333325
1710,210.0,169.845
1385,69.0,62.52054761904761
600,72.0,80.58
2400,450.0,285.14
1915,80.0,133.77
1349,98.0,97.30650000000003
1349,98.0,97.30650000000003
1200,42.0,48.27
1204,36.0,57.092
1375,59.0,62.7025
360,17.0,23.22
600,95.0,70.69
3200,205.0,301.3433333333333
600,100.0,75.02
405,400.0,81.97
3260,388.0,425.93
1100,63.0,52.593761904761905
1280,68.0,68.29655555555556
990,58.0,49.36
1222,250.0,167.15
1190,39.0,45.853384112619416
1450,87.0,75.18366666666665
1760,176.0,99.4262738095238
1535,95.0,84.131
3700,225.0,294.0283333333333
1800,300.0,141.75
2820,285.0,234.62
1140,46.0,46.0
1861,92.0,114.38833333333332
1153,56.0,57.01036471861469
1900,65.0,105.99266666666666
1650,450.0,183.3
1160,41.0,42.3
1200,50.0,76.0775
1500,138.0,99.456
1580,100.0,75.59
1454,90.0,78.78166666666667
1230,75.0,70.43866666666666
1990,98.0,108.835
2050,100.0,130.99333333333334
1125,32.0,33.39283333333334
2425,175.0,196.58849999999998
1427,49.0,70.99
1030,47.0,53.78166666666666
1500,47.0,64.3099841269841
2400,100.0,263.14
1346,100.0,57.90833333333333
600,97.0,79.51
2400,660.0,471.83
1536,89.0,101.70299999999999
1715,115.0,116.65733333333331
600,95.0,81.26
1719,88.0,93.15
1380,75.0,77.388
1500,150.0,184.37
805,35.0,34.9875
3150,145.0,193.0475
966,50.0,47.9
1525,63.0,72.35057142857144
1896,102.0,117.265
3200,309.0,228.77202380952383
1500,63.0,66.48392857142856
2160,172.0,135.21018131868132
2400,270.0,157.255
1175,38.0,48.035
1140,49.0,48.94999999999999
850,100.0,101.725
1350,41.0,70.51254761904762
1222,80.0,50.85666666666667
1075,35.0,44.27931356436442
1640,220.0,231.27199206349204
1075,47.0,43.8475
3633,335.0,261.17616666666663
1575,55.0,79.87916666666666
1573,98.0,103.66622294372293
1691,100.0,111.27338167388164
5000,425.0,351.93
760,95.0,70.66
1225,50.0,48.21
918,63.0,51.98032905982907
1200,150.0,99.49
1464,56.0,56.908
700,33.0,33.647777777777776
1464,56.0,54.114087301587304
1645,121.0,120.52809090909093
3815,763.0,772.4906666666667
1785,118.0,97.505
550,17.0,25.290669191919196
1160,44.0,40.93808428826076
1180,65.0,51.67692857142857
1665,70.0,82.45733333333334
1340,54.0,57.29
600,135.0,86.18
1322,80.0,74.0925
1220,55.0,80.05496646560988
1187,38.0,64.18599999999999
1460,58.0,74.78666666666668
2254,153.0,155.5611111111111
1485,85.0,75.75
1718,90.0,99.33166666666668
2080,440.0,143.88
1862,120.0,114.26833333333332
1200,140.0,149.645
880,140.0,86.12
2440,142.0,203.02
1359,104.0,74.86542857142857
1105,52.0,47.32642857142857
985,39.0,46.67434523809525
1053,89.0,85.18
1020,52.0,46.676047619047615
620,22.0,23.31
720,45.0,60.62
5002,445.0,338.22
1350,380.0,83.78
1318,56.0,56.97
1295,79.0,68.62452380952382
700,34.0,37.79323819236319
3522,716.0,533.3066666666666
1200,44.0,43.684894231585425
1453,44.0,57.20833333333333
1200,135.0,117.41
1050,48.0,46.1
1450,100.0,84.4
1404,70.0,74.30422582972584
1216,70.0,91.93
1843,96.0,90.21190104503341
1310,33.0,38.72
4482,852.0,419.95333333333326
550,23.0,25.340669191919197
1067,52.0,48.40666666666666
1270,62.0,52.71916666666666
800,95.0,84.525
1310,72.0,80.14
1180,85.0,51.74859523809524
1530,90.0,67.76296425796426
1645,87.0,88.24166666666667
1320,38.0,38.97
1200,132.0,162.57
1270,51.0,54.78
1200,80.0,71.89
1025,30.0,30.949285714285715
1465,90.0,76.75114285714285
1200,56.0,67.2932142857143
4190,380.0,325.4866666666667
850,25.0,27.67
1215,68.0,65.93564285714285
1650,175.0,92.23
1436,70.0,67.58678571428571
1260,113.0,92.10833333333333
2805,154.0,160.728
1062,42.0,40.08
1200,75.0,136.58
1550,78.0,84.425
1240,43.0,43.05
2195,185.0,146.01066666666668
1670,59.0,88.49811904761906
525,56.0,78.82
650,20.0,19.764
3657,310.0,313.754
1200,46.0,46.913999999999994
1200,75.0,55.12727622867329
1257,69.0,69.16757142857142
1760,130.0,112.71
1145,40.0,52.52949999999999
870,27.0,36.266666666666666
1000,36.0,48.3015
1190,75.0,73.22
1115,46.0,46.65409523809523
3463,310.0,196.48949999999994
820,30.0,35.361
2700,160.0,172.96
2475,300.0,326.5983240093241
1200,60.0,56.91
1600,80.0,73.03
2500,250.0,176.4
1050,85.0,45.78333333333334
1290,80.0,77.96
1975,123.0,97.45
924,35.0,35.73
1760,160.0,155.75516666666664
1991,103.0,97.79152380952382
1315,59.0,63.681833333333344
3913,176.0,330.6516666666667
2400,140.0,221.83
3033,326.0,272.42699999999996
600,70.0,119.96
1140,46.0,46.0
2400,640.0,248.6
3554,340.0,282.769
1200,140.0,147.62
5400,250.0,504.62
916,42.0,39.56933333333333
1525,100.0,132.0275
1040,36.0,43.69
1200,120.0,128.69
1145,63.0,51.45666666666667
600,23.0,34.1535
1200,92.0,160.06
1685,95.0,98.14933333333335
1268,69.0,67.39785714285715
892,39.0,32.450366946778715
1985,75.0,116.005
450,25.0,19.706666666666663
1404,68.0,71.5041087107337
1000,29.0,27.927948051948057
1950,130.0,106.72733333333333
1060,58.0,49.62183333333333
1350,83.0,56.89
520,14.0,14.696666666666665
1640,229.0,247.93238039738034
700,29.0,34.15306493506493
1075,60.0,55.60666666666667
1060,37.0,47.98
1100,50.0,56.07833333333333
1820,89.0,89.82580533355535
3122,235.0,241.06440295815293
4000,220.0,239.29
600,95.0,83.08
858,32.0,33.78
1224,49.0,47.073
1023,42.0,43.43083333333333
589,27.0,30.036166666666666
1625,95.0,82.53783333333332
1089,44.0,42.9195
909,43.0,45.09
1060,48.0,50.51
3360,225.0,208.43
1200,60.0,56.725
1750,120.0,143.98666666666668
700,41.0,33.32333333333333
1092,99.0,85.06
1470,70.0,74.99416666666666
3800,325.0,323.17
1235,65.0,73.36
1200,65.0,71.88
1558,65.0,75.48666666666666
1305,59.0,59.373904761904775
1625,92.0,84.25866666666666
1143,45.0,49.75333333333333
884,48.0,40.39447811175752
2292,286.0,284.41
1127,65.0,52.22604761904761
900,155.0,138.42
1532,60.0,76.33620634920636
1220,39.0,52.929
1750,105.0,122.80333333333334
2480,330.0,268.07726190476194
1050,35.0,50.99
1340,77.0,62.8
820,140.0,145.22
4346,450.0,307.78
6040,170.0,467.81
525,30.0,27.296166475681193
600,73.0,91.39
614,28.0,24.615
1350,140.0,88.02
1225,48.0,47.25
1450,55.0,60.17207212232213
1050,44.0,37.6045
1270,98.0,78.90002380952382
1260,70.0,62.379333333333335
2215,162.0,154.04177453102457
1174,75.0,74.95205483405482
1364,50.0,65.09716666666667
1151,43.0,43.76333333333333
1040,42.0,44.98
1300,85.0,74.0695238095238
2700,125.0,182.90666666666667
600,60.0,80.25
1215,50.0,62.931
1015,48.0,46.52666666666667
1200,179.0,166.0
1180,55.0,50.01692857142857
1243,58.0,59.88545454545455
1200,100.0,97.35
1200,110.0,176.91
1000,35.0,38.69133333333334
1852,125.0,127.64
1200,225.0,128.5
2395,150.0,171.32
1569,150.0,92.531
1680,95.0,110.89
545,27.0,31.3085
1100,58.0,53.39717352092352
1070,37.0,39.08333333333333
1609,115.0,94.57666666666665
1500,100.0,122.376
1200,115.0,166.995
1546,95.0,79.95666666666666
1333,100.0,90.94633333333333
1200,210.0,231.1
1844,95.0,97.27407142857142
1533,150.0,76.56533333333334
1550,52.0,75.108
975,50.0,53.63083333333334
1470,50.0,70.47
1374,70.0,61.568999999999996
1250,78.0,71.09944652337687
1700,124.0,115.92238095238095
1000,41.0,53.1987969924812
1245,125.0,79.75853393665159
1732,86.0,91.815
1310,80.0,75.88
1200,240.0,136.855
580,45.0,66.12666666666667
615,43.0,33.69
1550,96.0,84.425
1200,75.0,48.2
1777,100.0,94.94833333333334
1023,53.0,44.11
2257,157.0,160.54921212121212
1250,65.0,62.284
1477,70.0,68.80066666666667
1726,82.0,87.0049523809524
1410,65.0,62.165
965,38.0,47.704523809523806
1362,63.0,61.42
4260,333.0,437.0
1150,125.0,98.3475
1015,37.0,28.37666666666667
918,49.0,48.475932234432236
2690,199.0,195.5165476190476
2275,185.0,181.0069563492063
1531,52.0,58.660607142857145
1290,56.0,54.555
1325,73.0,68.51
2500,350.0,269.04
1019,50.0,50.19
1080,38.0,50.93
1691,115.0,94.37666666666668
1650,50.0,87.43
1200,75.0,70.41333333333333
3000,250.0,447.97952380952376
3200,350.0,277.83
1252,65.0,59.584833333333336
1500,130.0,126.04726190476187
1270,80.0,84.916
1891,109.0,119.35066666666665
1530,73.0,77.85376190476191
905,40.0,42.657323232323236
750,150.0,101.93
3800,205.0,249.345
2850,428.0,202.04411904761906
1224,67.0,63.19
1200,33.0,59.98
1200,46.0,55.21727622867329
975,38.0,35.46
1108,66.0,79.7489761904762
1357,123.0,124.4075
4000,660.0,346.42
1515,81.0,76.20169047619046
2826,148.0,263.79
2000,130.0,92.76
1125,47.0,47.442126984126986
1370,56.0,77.60966666666667
875,115.0,79.15
2000,85.0,93.06
1455,72.0,73.37
2500,200.0,141.04
1166,135.0,124.07166666666667
1220,49.0,55.093333333333334
1300,64.0,57.948
1862,120.0,119.60833333333332
1245,100.0,84.145
1185,49.0,51.27
3800,235.0,249.345
1166,35.0,44.71
1600,180.0,73.62
1330,56.0,54.65923015873013
3600,400.0,305.68416666666667
4800,250.0,395.64
1602,75.0,96.23
1904,120.0,127.4425
1339,72.0,61.88653643578643
1656,120.0,103.18923809523811
1150,37.0,51.34333333333334
1285,56.0,62.0
1250,200.0,57.636
1520,90.0,99.93421031746031
1372,61.0,69.568
1390,60.0,67.72
1430,65.0,75.23666666666666
4800,525.0,476.38
1200,290.0,212.4435714285714
1156,42.0,44.305
1320,249.0,197.73
1245,55.0,62.17091830666754
1789,98.0,107.16083333333334
1500,55.0,77.62
860,43.0,36.1515
1330,93.0,77.71
2400,460.0,328.95
1464,56.0,54.114087301587304
1418,104.0,103.29975193678871
1243,46.0,46.0
2098,210.0,181.595
1215,67.0,58.90928571428574
2400,275.0,325.8
1020,49.0,47.52404761904762
509,20.0,23.45833333333333
1028,56.0,57.01307692307692
1750,99.0,96.99
1035,39.0,40.381
1170,44.0,47.32083333333333
2000,200.0,141.74
1917,100.0,116.35166666666667
950,180.0,110.02
1100,45.0,50.72
825,45.0,48.484416666666654
540,85.0,78.6
1155,60.0,54.03183333333333
1420,90.0,95.21
4111,370.0,352.94
1165,85.0,62.256
4800,170.0,326.62
2900,240.0,272.075
550,16.0,25.290669191919196
1545,65.0,79.34533333333333
662,45.0,33.711000000000006
2400,160.0,142.88
1012,45.0,44.95059523809523
845,37.0,33.29676190476191
1750,85.0,118.79500000000002
896,44.0,40.300285714285714
4200,245.0,268.87
1000,44.0,46.62
1735,97.0,100.86092857142857
900,56.0,41.141111111111115
1225,150.0,48.83
1334,67.0,62.32
1315,55.0,63.681833333333344
1190,57.0,57.22283333333333
600,45.0,73.49
2137,110.0,123.55333333333334
1340,77.0,68.07
1576,58.0,62.0
1785,165.0,139.51
1320,55.0,58.09980952380952
1370,75.0,64.4
1550,110.0,75.01050000000001
1065,31.0,34.25266666666667
2400,370.0,348.14
1691,100.0,111.27338167388164
1819,168.0,139.1125
1830,121.0,96.39733333333334
1331,107.0,105.06181818181818
1267,56.0,57.3
1100,48.0,50.903999999999996
918,50.0,51.98032905982907
1132,70.0,60.15
1300,75.0,62.71
1272,52.0,50.74759523809526
1600,150.0,87.58
1290,100.0,102.53333333333332
2215,275.0,293.18
1305,78.0,74.89399999999999
2400,196.0,163.96
1002,40.0,38.928333333333335
645,34.0,46.06374999999999
1750,81.0,109.415
997,55.0,87.79972222222223
1200,52.0,57.45849145299144
1235,148.0,73.07
1416,67.0,76.75692307692307
1040,37.0,42.61583333333333
1210,69.0,77.15333333333334
1200,46.0,43.684894231585425
1240,60.0,78.88
1250,79.0,62.284
1090,38.0,42.5565
1508,75.0,77.51
1025,27.0,30.949285714285715
1255,78.0,76.06
1168,61.0,60.87416666666666
1031,53.0,54.567428571428565
1200,170.0,167.5
1201,60.0,52.69666666666666
1000,61.0,62.07583333333333
1623,155.0,80.28416666666666
2475,130.0,137.84666666666666
1564,92.0,86.91
1700,300.0,185.66
1020,29.0,31.470666666666666
1877,150.0,112.3495
1200,140.0,167.3
2500,650.0,298.915
1088,46.0,46.47666666666667
1482,84.0,82.21230555555557
1850,89.0,141.925
1444,70.0,77.34
4050,280.0,332.94
610,60.0,68.63
1309,95.0,71.074
1550,75.0,79.98666666666666
780,35.0,35.10883333333333
1010,55.0,46.78166666666666
1031,54.0,54.567428571428565
1200,108.0,153.81
2225,160.0,186.02241666666666
1490,92.0,67.055
980,25.0,44.87742887667887
1585,88.0,85.06107142857144
1500,230.0,188.93
922,70.0,67.223
1426,71.0,67.01
1200,105.0,116.92
793,45.0,34.94316666666666
900,48.0,66.483
900,40.0,40.61908844750021
1100,65.0,45.061166666666665
3600,245.0,265.22
1240,40.0,45.14
1200,45.0,62.24
2100,240.0,134.70666666666665
2700,324.0,249.02
1055,58.0,56.05833333333333
1680,160.0,121.41433333333335
1950,115.0,139.74555555555554
1170,57.0,62.84
1085,34.0,45.99166666666667
910,194.0,117.12
600,175.0,79.65
2925,936.0,278.78
1238,55.0,53.21666666666667
1190,41.0,47.28733649357179
1610,90.0,86.14333333333332
1715,100.0,95.56
1048,50.0,48.26
1385,48.0,49.57516666666666
1590,54.0,89.34166666666665
1650,115.0,85.42004761904762
1242,51.0,56.35716666666667
714,28.0,36.74666666666667
1092,44.0,44.402
1108,63.0,54.49
1185,50.0,59.0975
600,18.0,35.6135
688,50.0,127.6
915,55.0,124.4
5314,226.0,304.97
1254,70.0,50.32038095238096
1100,61.0,59.41
1152,66.0,60.955
755,37.0,35.64266666666666
2400,360.0,172.27
1095,57.0,40.23
1635,62.0,63.719238095238076
1100,38.0,49.99083333333333
750,40.0,36.67980555555555
10000,975.0,513.47
2072,155.0,150.68806891376596
1575,90.0,88.634
1165,45.0,51.32833333333334
1020,43.0,42.61154761904761
800,150.0,106.62333333333332
1277,92.0,69.78666666666668
1697,95.0,113.251
1477,75.0,68.84533333333333
600,81.0,81.11
600,125.0,85.07
1210,76.0,59.59253571428572
1200,175.0,117.84
525,26.0,27.296166475681193
760,21.0,35.185
2400,150.0,156.635
1016,58.0,44.33583333333333
2790,198.0,199.1115
1175,79.0,48.5
1205,42.0,57.2675
840,27.0,36.04
1365,72.0,57.34271428571428
1149,29.0,46.9025
4000,325.0,345.86583333333334
2250,219.0,138.83666666666667
1890,127.0,124.79
1187,40.0,43.78589804639805
1450,70.0,66.20733333333334
1795,139.0,117.15566666666668
958,25.0,26.91
970,34.0,36.33
600,30.0,65.13
1220,58.0,57.84820165945166
1200,70.0,76.27
2774,208.0,203.99883333333335
1352,68.0,86.73613095238092
1460,72.0,78.8142857142857
2425,173.0,149.345
1347,44.0,55.91333333333333
630,34.0,45.04930952380953
1330,55.0,49.88921428571428
3633,550.0,459.39050000000003
1065,58.0,44.27541666666667
1330,49.0,62.38388888888889
1340,73.0,64.53923809523809
1166,65.0,48.68233333333333
1340,48.0,60.83
1420,99.0,105.06266666666664
1750,110.0,129.76500000000001
2400,100.0,149.09
1933,140.0,143.42555555555558
1133,38.0,53.39
1495,78.0,95.99916666666667
1200,80.0,73.51333333333334
1560,78.0,91.19333333333333
1465,50.0,88.25333333333334
1200,60.0,52.16
2500,181.0,169.7
1152,57.0,52.71258333333334
1330,52.0,48.25054761904761
1300,64.0,60.65083333333334
1650,80.0,87.57666666666668
1300,75.0,75.11659523809523
1200,36.0,36.0
550,62.0,44.43
2400,135.0,147.99
1050,110.0,59.64
1100,46.0,49.99083333333333
1750,130.0,152.02
1100,37.0,55.62333333333333
1130,36.0,51.03
1200,76.0,79.0
2700,125.0,138.03
1200,67.0,49.87
1255,90.0,62.32329365079365
1846,94.0,77.295
1550,75.0,77.0575
1370,75.0,61.06066666666666
1740,175.0,165.51
1424,90.0,85.58
1185,30.0,30.5475
1020,29.0,31.470666666666666
1161,59.0,52.665000000000006
1200,140.0,122.275
929,56.0,48.88
1200,46.0,48.959134920634924
2246,300.0,262.19
1325,65.0,75.405
1430,55.0,67.68
1306,58.0,53.56083333333333
440,17.0,17.63333333333333
866,32.0,37.31
1000,28.0,54.05
918,50.0,53.331833333333336
1140,46.0,46.0
1981,134.0,99.45666666666668
986,31.0,37.42458333333334
1200,170.0,161.0
950,47.0,45.875
1075,32.0,55.98
1194,47.0,46.491684755179904
1194,46.0,46.572087166445534
1605,85.0,80.57166666666666
700,85.0,93.78
674,20.0,21.480595238095237
1330,56.0,54.65923015873013
1400,175.0,169.42
1240,70.0,54.01999999999999
765,37.0,37.707166666666666
2400,147.0,220.15666666666667
700,35.0,37.79323819236319
1210,60.0,63.788000000000004
1559,127.0,107.42
1027,44.0,43.83668833943833
1615,51.0,61.86166666666666
850,32.0,28.09166666666667
600,23.0,36.400999999999996
1003,41.0,27.967948051948056
1392,98.0,97.60799999999999
3050,90.0,260.17
1230,31.0,31.81
1162,65.0,51.77566666666667
3000,250.0,300.2366666666667
1280,56.0,61.6
1170,52.0,53.49
960,48.0,50.009523809523806
1762,110.0,105.55459523809525
2400,152.0,147.32
5000,395.0,400.37
1101,66.0,61.1775
1187,38.0,64.18599999999999
1080,38.0,45.58
1195,44.0,50.56164918088448
1200,110.0,150.03
3800,213.0,224.173
1397,105.0,106.01757142857144
1783,85.0,94.06299999999999
1105,80.0,44.9417619047619
2215,154.0,154.04177453102457
3630,195.0,211.28549999999996
2663,338.0,255.91
3000,210.0,158.71
2400,120.0,113.18
1314,63.0,57.52
1250,47.0,62.284
1390,80.0,62.399380952380945
1200,325.0,206.72333333333333
1650,110.0,96.21
1013,60.0,50.38166666666666
1350,66.0,63.25
1199,85.0,84.18145238095238
1630,85.0,79.645
1090,38.0,36.25366666666666
1100,70.0,52.75
3200,270.0,198.54
1485,115.0,94.73
1225,68.0,48.85883333333333
980,41.0,45.09285714285715
1857,155.0,115.395
1200,350.0,181.28
845,55.0,33.09133333333334
3000,130.0,173.15666666666664
497,17.0,21.427976190476194
1000,65.0,129.32
3197,335.0,472.4533333333334
1200,130.0,68.08516666666667
1880,154.0,95.67
1100,55.0,50.21083333333333
1519,67.0,78.18666666666668
250,40.0,29.27
1636,83.0,84.91
2470,203.0,193.998
1200,43.0,43.684894231585425
1440,68.0,66.23233333333333
1141,50.0,43.9
950,39.0,52.82513636363637
2416,600.0,375.01
1250,40.0,49.255
3122,225.0,242.35166486291484
1210,75.0,60.12253571428571
1290,62.0,51.76466666666667
670,35.0,35.82
674,21.0,35.71333333333334
515,25.0,23.795
1230,95.0,72.06
825,35.0,31.68833333333333
3596,279.0,278.74433333333326
2666,230.0,205.84
1200,165.0,142.045
1197,75.0,77.91938888888889
945,54.0,43.50983333333333
3600,450.0,331.1641666666667
3700,325.0,345.45583333333326
2750,200.0,316.19
1230,44.0,45.79333333333333
1072,43.0,44.063500000000005
1935,122.0,123.21833333333332
1656,80.0,80.459
1395,75.0,75.225
2026,132.0,115.29
1196,41.0,43.06025699300699
4320,821.0,329.74800000000005
1140,41.0,43.96310317460318
1231,50.0,50.784285714285716
615,46.0,41.45666666666666
1200,95.0,107.68
950,33.0,31.6
654,38.0,35.64754761904762
1020,39.0,45.5925
1855,145.0,125.2125
1300,54.0,66.43
1200,150.0,177.92
527,26.0,27.25385620915033
1500,62.0,99.456
1141,44.0,48.87523809523809
1000,48.0,63.24
1100,40.0,44.53
1650,101.0,94.85833333333333
1020,42.0,48.86533333333334
1360,110.0,76.38499999999999
1115,50.0,55.87158333333333
1827,100.0,98.73166666666668
1030,57.0,51.12
1290,56.0,53.675
750,36.0,35.091166666666666
1200,150.0,166.78
530,14.0,20.45297619047619
1510,75.0,96.86111904761903
750,27.0,35.42616666666666
890,75.0,48.34819047619048
1164,75.0,62.76
1100,45.0,52.593761904761905
1780,107.0,102.39
1000,29.0,43.07
1077,38.0,48.12
1820,113.0,109.9525
1900,145.0,113.5
1245,44.0,52.38
900,60.0,41.53155555555555
1965,120.0,138.335
1495,60.0,76.60666666666667
1480,74.0,81.6
1200,70.0,72.69
1550,120.0,104.93785714285714
1075,52.0,44.27931356436442
600,110.0,73.12
1200,75.0,123.35771428571428
1655,90.0,95.24
1677,98.0,87.75595238095238
1063,33.0,33.263404761904766
1375,125.0,144.6375
760,35.0,37.05
876,30.0,29.76
1196,52.0,43.06025699300699
1236,50.0,62.02875
1200,250.0,136.855
1787,116.0,115.97849999999998
1200,240.0,235.25
1500,162.0,164.26
1457,60.0,67.255
1305,75.0,74.80083333333333
1190,70.0,54.40288888888888
1575,100.0,110.68
1205,58.0,54.23177777777778
1890,85.0,116.34200000000001
2400,115.0,155.44
1000,36.0,46.62
1830,113.0,92.98416666666667
1128,63.0,65.60357543071822
770,44.0,35.27833333333333
1735,135.0,90.92033333333333
1350,120.0,156.9175
1910,150.0,134.13
875,33.0,35.37051282051282
1025,57.0,43.967
1050,41.0,37.85
1200,36.0,36.0
530,20.0,21.802690476190474
1096,39.0,41.59
1365,99.0,83.98
1901,119.0,124.59333333333332
1115,50.0,55.87158333333333
1000,110.0,113.21
1270,57.0,50.73333333333334
1450,54.0,60.17207212232213
1200,53.0,47.25
3300,250.0,247.58
1670,75.0,88.49811904761906
995,50.0,57.62
1500,140.0,108.6
1050,125.0,130.71
1101,45.0,49.505
1125,65.0,54.93971428571429
1390,63.0,59.798023809523805
700,59.0,33.32333333333333
1419,59.0,67.12
950,38.0,47.34
1475,50.0,141.4775
1013,51.0,49.09166666666666
1000,44.0,59.208888888888886
660,75.0,34.82
953,90.0,55.9125
1342,70.0,69.74861976911976
1485,72.0,79.72
1610,92.0,81.075
656,25.0,25.03833333333333
1050,35.0,41.82
1246,67.0,66.12510467144081
1400,67.0,59.3
4800,150.0,362.05
1070,48.0,47.47
1350,60.0,58.44
1595,72.0,90.03200000000001
1000,22.0,36.6845
840,120.0,122.90833333333335
1693,71.0,83.79625
750,40.0,34.0895
1757,98.0,81.825
1922,106.0,118.10666666666668
700,150.0,41.85833333333333
1070,43.0,47.18
1255,78.0,76.06
1110,53.0,43.379666666666665
3600,260.0,265.22
1111,50.0,53.42514069264069
1320,38.0,38.97
1330,94.0,79.155
1600,160.0,97.91666666666669
1354,90.0,70.68633333333332
1278,59.0,59.67433333333334
1418,105.0,103.29975193678871
1230,70.0,50.17
672,54.0,93.28
667,37.0,36.73
1230,54.0,46.01
1020,46.0,46.82405952380952
4560,430.0,374.41
1198,60.0,52.98166666666667
1491,88.0,87.16333333333334
1400,70.0,77.17742063492064
1185,45.0,43.01414105339105
2254,170.0,155.58333333333334
1184,55.0,66.35316666666667
1351,77.0,79.57834920634922
650,18.0,25.425
1718,130.0,107.40258333333333
2830,190.0,183.34566666666666
1600,172.0,154.14
1847,92.0,111.07053571428571
3200,440.0,212.88
1128,66.0,65.60357543071822
1409,95.0,77.12818181818182
1150,42.0,49.411
1499,89.0,80.71666666666667
2245,154.0,164.218
1535,83.0,84.91436111111108
2040,200.0,160.80666666666667
1183,80.0,73.64150000000001
1580,125.0,77.90833333333333
920,40.0,42.69504761904762
1500,120.0,92.9325
1069,55.0,48.738354978354984
1355,58.0,61.64466666666667
1310,67.0,59.62
1200,135.0,165.95
1044,55.0,44.33333333333333
450,20.0,125.88
2150,80.0,106.412
1525,99.0,65.5315
1485,67.0,64.77199999999999
1667,130.0,89.23333333333332
1726,82.0,87.0049523809524
946,38.0,45.94916666666666
1500,72.0,89.825
600,99.0,83.18
1300,78.0,75.5
2200,115.0,147.5
1210,77.0,78.64847619047619
1225,55.0,54.24633333333333
525,29.0,25.51881652661064
2600,199.0,198.2125
1223,43.0,44.795
1232,89.0,75.86326754385965
1300,28.0,54.53
1195,100.0,86.81416666666667
1504,67.0,70.81
980,86.0,61.648
1500,95.0,176.11
1056,39.0,40.81345238095238
1146,54.0,52.45666666666667
2350,423.0,244.00666666666663
1310,63.0,67.09
1749,115.0,117.59604761904762
717,78.0,73.25
1000,40.0,41.26
1045,77.0,59.14199999999999
2388,239.0,203.01
1269,63.0,52.29333333333334
2400,250.0,203.21
1151,43.0,48.027682539682544
1045,55.0,44.2
708,28.0,39.91
2254,170.0,155.5611111111111
1200,67.0,74.28
3000,400.0,169.61
1450,51.0,60.17207212232213
1110,46.0,44.481
1480,65.0,84.22333333333331
1385,67.0,59.86988095238094
1199,86.0,84.18145238095238
1100,55.0,72.3
580,27.0,39.54666666666667
1865,140.0,117.57733333333334
1160,163.0,187.33
1132,68.0,86.6804761904762
1100,85.0,106.68666666666667
883,37.0,41.877668309545626
3600,141.0,153.2275
1653,120.0,96.44
1163,99.0,79.20375
1740,137.0,98.29
1749,90.0,157.18
1320,65.0,71.94
1000,62.0,46.62
660,48.0,36.315
1540,60.0,58.553940476190476
1230,56.0,65.0739318181818
605,13.0,29.940833333333334
1870,185.0,162.18666666666667
1200,110.0,117.84
1206,55.0,48.955
1080,50.0,48.51
1400,40.0,57.73
1805,280.0,102.09333333333332
1600,61.0,108.67983333333332
1255,92.0,68.48242857142857
1900,170.0,106.4385
1200,43.0,64.42
3200,375.0,342.3908333333334
1398,51.0,65.75
4723,500.0,437.04
1434,84.0,60.93
3045,170.0,285.85
2095,150.0,188.89333333333332
1215,47.0,48.916333333333334
1080,64.0,49.12
980,80.0,97.65
1170,66.0,51.10588095238096
1350,68.0,76.91804761904763
1350,110.0,97.97
1128,49.0,50.95077777777777
1700,120.0,88.59333333333333
3895,390.0,373.3466666666667
1175,50.0,59.8177380952381
1280,88.0,65.96
500,20.0,19.539166666666667
10961,80.0,294.63
1197,48.0,52.98009523809524
2000,180.0,143.14
750,36.0,34.04608333333333
967,45.0,42.55
1305,90.0,71.4450238095238
660,100.0,71.94
1349,57.0,70.31104761904763
2200,98.0,160.20433333333335
1193,86.0,72.23305555555555
735,58.0,36.83142857142857
3532,170.0,305.545
5249,453.0,316.96
1187,45.0,48.00818253968255
1203,60.0,64.78
1182,60.0,59.04766666666666
1770,99.0,123.09
935,40.0,45.42666666666666
900,70.0,121.14
1130,38.0,53.06226190476191
936,61.0,62.86666666666666
1400,40.0,41.97
1936,110.0,117.8125
3734,430.0,334.824
900,41.0,41.38111111111111
2456,85.0,308.16
1616,65.0,89.05609523809524
914,49.0,52.647047619047626
1215,68.0,65.93564285714285
1374,68.0,64.2525
2462,150.0,128.475
1145,65.0,52.87158333333333
1560,72.0,81.01666666666667
1355,58.0,76.72333333333333
1010,49.0,71.11925793650795
1100,60.0,55.38666666666666
1770,90.0,108.52
1569,70.0,76.69566666666667
1707,115.0,115.411
1083,32.0,40.785
1260,75.0,60.92933333333333
1725,200.0,233.65133333333333
2658,187.0,192.18952380952382
1390,65.0,70.66
1061,39.0,36.47
3300,240.0,207.57
2232,300.0,244.5
1650,220.0,167.99
2700,350.0,271.24
1150,90.0,45.31358333333333
1719,184.0,92.08
1400,81.0,65.04
1326,35.0,42.39083333333334
1086,45.0,59.24
1145,75.0,63.390666666666675
1679,92.0,92.37041666666669
792,70.0,66.57
3596,252.0,269.94949999999994
1800,200.0,92.92
1300,65.0,69.525
1355,95.0,109.94
1260,64.0,62.94033333333333
1355,75.0,64.18333333333334
1350,47.0,57.81
1200,130.0,126.74
1523,170.0,82.82
1520,111.0,79.05416666666667
1153,57.0,57.01036471861469
658,27.0,32.79
1185,41.0,47.4040119047619
1065,41.0,42.09
1605,65.0,70.94333333333333
850,55.0,38.191
3335,300.0,280.81
660,35.0,29.985
2099,95.0,133.42
580,28.0,41.34255411255412
1075,41.0,37.29888143435511
1400,42.0,40.51
3290,460.0,228.41
1360,95.0,89.91333333333333
1510,110.0,74.33808333333333
1020,41.0,47.81583333333333
3170,250.0,346.8891666666667
1148,59.0,49.76
1240,41.0,61.665
1490,300.0,64.392
726,31.0,34.39433333333333
1333,79.0,80.85
1730,96.0,106.119
1850,98.0,120.454
1240,71.0,62.68
1945,120.0,112.206
2000,100.0,88.88833333333332
1077,34.0,49.0495652173913
1100,32.0,50.63416666666667
1368,87.0,71.205
1470,75.0,74.80416666666666
1740,95.0,115.46566666666666
1310,90.0,63.82666666666666
1009,56.0,52.3525
500,14.0,14.92
2400,185.0,177.3
1190,55.0,56.785
1550,65.0,65.4838888888889
2367,340.0,294.4066666666667
1339,54.0,73.7645
1206,53.0,52.295
1530,185.0,94.91666666666669
1250,54.0,41.533833333333334
1050,75.0,57.55740476190474
1310,38.0,67.05
3500,138.0,303.5025
1165,45.0,53.97233333333334
1450,44.0,72.915
1132,89.0,87.39333333333335
1185,40.0,52.135
4940,394.0,371.85
1485,78.0,78.08333333333333
1216,83.0,74.56545618935388
1170,59.0,53.49
1300,55.0,64.19185714285715
1075,42.0,44.27931356436442
1679,95.0,87.58071428571428
1575,101.0,84.05083333333332
1800,125.0,116.36666666666667
2145,270.0,136.48810989010988
1250,56.0,58.056000000000004
1130,45.0,52.4675
1476,95.0,91.48466666666667
2557,170.0,129.60500000000002
2039,168.0,118.35333333333332
540,36.0,25.010166666666663
1694,125.0,122.17
1200,66.0,66.08480608826156
1270,42.0,62.26
2024,157.0,167.49
1130,78.0,62.3675
1760,88.0,108.26516666666666
1300,78.0,75.05666666666666
1200,41.0,59.15133333333333
1440,88.0,140.34
1154,57.0,52.77
1120,55.0,45.22666666666666
1720,100.0,96.45666666666668
1700,152.0,172.46
2870,241.0,168.55741666666665
800,120.0,97.12
1500,55.0,64.3099841269841
1646,80.0,88.62
1600,53.0,100.265
2000,85.0,93.06
1360,45.0,65.12466666666667
927,37.0,41.32916666666666
900,30.0,39.403055555555554
1200,95.0,117.84
1000,34.0,42.49333333333333
6500,104.0,403.31
639,28.0,38.27133333333333
2350,300.0,294.32
2180,180.0,168.30757142857144
1650,110.0,85.42004761904762
1375,78.0,77.188
662,38.0,36.43933333333334
2106,126.0,131.1
1200,135.0,125.39
3250,900.0,311.2066666666667
1200,100.0,156.43
1196,41.0,43.06025699300699
630,35.0,24.274
2280,285.0,133.93266666666668
1830,92.0,94.634
800,80.0,82.07
1608,55.0,60.4475
1175,39.0,51.67400000000001
985,40.0,46.67434523809525
1852,95.0,90.32283333333334
1855,96.0,100.49785714285714
1539,60.0,77.93666666666667
1005,40.0,42.11166666666667
1065,40.0,37.1
2000,300.0,112.37
1232,70.0,78.81893869786904
1100,45.0,56.13733333333332
1150,62.0,56.173500000000004
1200,138.0,139.3325
2180,273.0,240.79666666666668
1735,72.0,119.05383333333334
1005,40.0,38.73091666666667
1080,38.0,51.25
1200,66.0,63.3
2100,92.0,106.544
2100,120.0,139.66
3596,200.0,327.85
1248,115.0,42.77383333333333
1100,44.0,49.18666666666667
1450,85.0,72.612
810,26.0,32.093333333333334
1935,110.0,126.27305555555559
4395,240.0,295.085
1074,27.0,34.96
1316,56.0,73.20464285714286
645,16.0,16.0
2145,170.0,165.19
1200,54.0,49.72
2145,165.0,165.19
1044,36.0,37.79
1353,110.0,60.60133333333333
2000,200.0,158.155
1500,89.0,171.24
829,23.0,30.07833333333333
960,18.0,47.572857142857146
925,63.0,44.16904761904762
1411,92.0,63.065
1100,68.0,52.66483333333333
1655,120.0,101.38733333333333
700,35.0,37.79323819236319
1415,110.0,73.22384615384615
2372,140.0,125.654
1035,45.0,46.91666666666666
1303,56.0,48.91
902,49.0,41.37
1050,40.0,59.64
